title,author,pages,lang,ISBN,rack_no,copy_no,date_of_purchase
Teacher,Catharina Jeckells,763,CN,98-771-3304,1,6,3/8/2019
Environmental Tech,Meredith Vasiltsov,665,SY,73-087-8219,2,7,4/10/2019
Senior Financial Analyst,Morgen Hansod,1203,MA,83-419-4268,3,8,4/23/2019
Nuclear Power Engineer,Jaimie O'Brogane,1321,CN,21-796-8738,4,9,11/9/2019
Junior Executive,Araldo Smalcombe,428,PL,87-030-5825,5,10,12/1/2018
Programmer II,Mariel Jirieck,1253,IL,75-899-4548,6,11,5/5/2019
Health Coach IV,Carolan Collingridge,516,JP,04-310-4377,7,12,3/12/2019
Product Engineer,Muriel Dowty,1314,GR,50-040-7178,8,13,3/22/2019
Professor,Valentino Cade,1703,PT,84-964-9663,9,14,3/17/2019
Software Consultant,Lindsey Aslin,614,AL,75-638-1423,10,15,10/17/2019
Geological Engineer,Jorgan Stockdale,258,ML,14-136-4261,11,16,1/10/2019
VP Sales,Ferrel Christoforou,1852,FR,91-346-1450,12,17,5/19/2019
Design Engineer,Ogdan Isson,1980,CN,73-113-5599,13,18,2/13/2019
Staff Scientist,Marcellus Ledwitch,1377,CN,82-933-7510,14,19,6/9/2019
Speech Pathologist,Riannon Nutting,1734,ID,88-421-2496,15,20,4/6/2019
Statistician IV,Antony Macourek,1017,BO,79-549-1570,16,21,9/1/2019
Operator,Blane Geraldez,1596,ID,51-680-9087,17,22,9/8/2019
Pharmacist,Goran Baythorp,743,FR,86-954-6136,18,23,10/28/2019
Social Worker,Ansel Willoughey,679,ID,36-991-3955,19,24,12/5/2018
Assistant Professor,Durante Sandiford,222,PH,80-195-7908,20,25,4/19/2019
Accounting Assistant II,Putnam Clapton,552,PL,42-841-5234,21,26,8/2/2019
Editor,Delmer D'Antonio,1724,MY,05-741-9387,22,27,3/8/2019
Data Coordiator,Rafaela Newbury,1392,CN,22-350-2941,23,28,3/1/2019
Geologist I,Alfy Mordanti,1485,UA,51-613-4162,24,29,10/7/2019
Environmental Specialist,Ernestus Letterick,1488,BG,87-735-4521,25,30,3/22/2019
Senior Financial Analyst,Dasie Klaggeman,1409,CN,80-204-0118,26,31,7/27/2019
Accounting Assistant IV,Adair Saffin,1546,PS,58-282-3538,27,32,1/4/2019
Financial Advisor,Daven Santorini,1715,ET,58-175-2160,28,33,8/7/2019
Senior Quality Engineer,Diena Dugdale,1664,CN,62-022-9730,29,34,12/3/2018
Database Administrator I,Sandie Boog,1490,PL,26-539-2917,30,35,3/26/2019
Civil Engineer,Chariot Pagen,1259,ID,43-408-6870,31,36,3/9/2019
Software Engineer II,Susie Butcher,852,CN,64-298-7202,32,37,8/16/2019
Data Coordiator,Alberta Reilinger,404,CA,20-182-2115,33,38,5/6/2019
Administrative Officer,Janine Husk,1350,PG,71-516-7870,34,39,7/11/2019
Structural Analysis Engineer,Ralph Garlett,1487,LU,40-313-4958,35,40,9/30/2019
Junior Executive,Dreddy Bricksey,17,CN,27-949-1373,36,41,8/14/2019
Research Assistant II,Yehudit Flemyng,783,PH,35-084-1219,37,42,8/29/2019
Nurse,Rowena Fonzo,48,CN,14-788-8351,38,43,3/30/2019
General Manager,Jessee Rignold,295,MK,20-236-4651,39,44,8/21/2019
Account Coordinator,Emelina Swanger,365,GR,90-084-5373,40,45,3/29/2019
Developer II,Cathryn Blodget,1316,RU,93-406-1102,41,46,5/23/2019
Structural Engineer,Nadeen Aire,656,PH,77-493-0984,42,47,1/20/2019
Senior Financial Analyst,Jandy Ellwell,46,RU,30-679-2879,43,48,1/16/2019
Human Resources Assistant III,Delora Bortolutti,287,SE,56-443-7700,44,49,2/13/2019
GIS Technical Architect,Salvador Ruske,1503,BR,56-234-0365,45,50,11/26/2018
Marketing Assistant,Reba Bellin,130,ID,56-547-4254,46,51,6/29/2019
Programmer IV,Roi Soal,1146,AR,79-002-3065,47,52,3/17/2019
Safety Technician II,Way Ranger,1526,FR,54-488-9934,48,53,4/13/2019
Analog Circuit Design manager,Grant Sherrett,1725,SE,69-173-0232,49,54,2/5/2019
Recruiting Manager,Sonia Pepperill,1719,UA,12-173-2080,50,55,2/16/2019
Occupational Therapist,Jolene Harsnep,1660,CN,68-426-9104,51,56,11/26/2018
Research Associate,Marshall Martonfi,1181,FR,06-396-1231,52,57,1/18/2019
Occupational Therapist,Babita Caddick,1732,ID,71-360-2700,53,58,5/26/2019
Nurse,Neilla Searson,1113,AR,74-495-5965,54,59,4/3/2019
VP Quality Control,Etienne Keyme,386,FR,84-977-3700,55,60,7/24/2019
Financial Advisor,Ilene Seefeldt,702,ID,48-945-3353,56,61,7/10/2019
Paralegal,Rip Switsur,1717,ID,44-166-7830,57,62,9/10/2019
Clinical Specialist,Niccolo Cossons,1722,RU,84-445-3779,58,63,5/23/2019
Geologist IV,Korrie Cresswell,426,SE,56-835-6212,59,64,8/29/2019
Dental Hygienist,Yvon Swadling,1128,BR,47-378-6907,60,65,3/4/2019
Assistant Media Planner,Gottfried Mac Geaney,1401,RU,00-877-9484,61,66,6/3/2019
Dental Hygienist,Rafaellle Farquhar,20,ZA,46-911-8870,62,67,8/18/2019
Technical Writer,Addison Pomphrey,1821,GR,97-736-9120,63,68,7/24/2019
Safety Technician II,Robina McKeon,1974,PE,97-620-2163,64,69,12/21/2018
VP Sales,Olympia Mashro,107,PL,26-065-9116,65,70,2/7/2019
Senior Quality Engineer,Zsa zsa Scoffham,33,UA,58-818-6020,66,71,6/1/2019
Librarian,Skipp Mein,862,PL,30-343-2918,67,72,7/27/2019
Speech Pathologist,Paco Yeowell,521,CU,42-567-3266,68,73,3/10/2019
Assistant Professor,Delano Kaliszewski,792,CA,03-967-0724,69,74,5/8/2019
VP Accounting,Ray Cristoferi,119,NG,71-356-6817,70,75,8/31/2019
Assistant Professor,Hobie Cardinal,1184,CA,29-624-8485,71,76,10/9/2019
Actuary,Carlyle MacGinney,1947,CO,71-594-0979,72,77,10/15/2019
Web Developer IV,Roana Chatterton,810,PH,86-661-8414,73,78,4/1/2019
Quality Engineer,Elita Sinott,1257,CO,12-203-2404,74,79,9/22/2019
Electrical Engineer,Nessy Zannuto,1514,MG,15-544-0218,75,80,4/30/2019
Data Coordiator,Fayre Morteo,598,PL,46-136-7174,76,81,7/26/2019
Community Outreach Specialist,Micah Baggot,1621,ID,96-949-4920,77,82,11/16/2018
Information Systems Manager,Rollins Tomkinson,1323,CN,54-029-8258,78,83,10/8/2019
Librarian,Nikita Mingardi,1008,HR,76-863-7284,79,84,5/14/2019
Geological Engineer,Maggy Lantuffe,180,BG,79-640-8009,80,85,1/5/2019
Engineer III,Gui Stygall,1209,CU,51-355-0230,81,86,3/17/2019
Sales Representative,Conney Tolle,1097,MN,95-114-5180,82,87,2/3/2019
Marketing Manager,Cele Shegog,322,PT,92-050-8005,83,88,4/29/2019
Paralegal,Clayson Althrope,291,RU,06-315-8125,84,89,9/24/2019
Financial Analyst,Edd Drinkale,1638,ID,24-370-4687,85,90,11/17/2018
Product Engineer,Dory Fosdike,551,CN,03-341-7135,86,91,8/4/2019
Associate Professor,Rivi Hynson,697,US,94-276-1458,87,92,5/1/2019
Administrative Assistant IV,Marlow Domaschke,113,KE,23-688-6277,88,93,5/7/2019
Administrative Officer,Magdalene Connechy,917,FR,57-516-5020,89,94,8/9/2019
Product Engineer,Spenser Bradnam,1281,PH,95-394-3319,90,95,5/2/2019
Executive Secretary,Charlotta Gartell,231,UA,63-111-3245,91,96,12/9/2018
Staff Accountant IV,Darnell Keatch,1895,KH,40-884-8131,92,97,5/18/2019
Help Desk Operator,Tomi Salvati,1320,BR,33-838-0526,93,98,3/14/2019
Clinical Specialist,Olivero Haucke,278,PL,12-319-7928,94,99,7/28/2019
Senior Cost Accountant,Omar Paling,398,RU,20-326-5132,95,100,11/2/2019
Recruiter,Stoddard McCaughren,1086,CN,25-657-0067,96,101,5/9/2019
Payment Adjustment Coordinator,Alejandrina Catley,575,AR,02-344-3561,97,102,11/1/2019
Assistant Professor,Archibaldo Gidley,1402,SE,68-249-3069,98,103,1/31/2019
Administrative Assistant IV,Roxanna Haffard,617,ID,58-810-9776,99,104,8/29/2019
Marketing Manager,Eddy Beeho,1230,GT,31-400-9957,100,105,1/16/2019
Director of Sales,Theodora Whiteway,1181,CN,86-033-6389,101,106,1/17/2019
Physical Therapy Assistant,Beck Halvosen,1949,CN,47-805-4082,102,107,3/25/2019
Legal Assistant,Estevan De Antoni,741,SE,39-259-1179,103,108,2/9/2019
Sales Associate,Wendi Kindell,1322,BR,59-573-3720,104,109,8/10/2019
VP Quality Control,Arlie Doog,920,HU,79-993-2732,105,110,7/25/2019
VP Product Management,Langsdon Kensall,1039,GR,35-971-8798,106,111,5/4/2019
Financial Analyst,Lina Tarquini,696,PT,77-142-6414,107,112,10/21/2019
Database Administrator III,Junina Kneel,1482,BR,13-283-8337,108,113,5/13/2019
VP Quality Control,Dredi Grishankov,1958,PH,79-379-4075,109,114,12/15/2018
Professor,Boote Ingray,460,US,38-832-4301,110,115,10/31/2019
Technical Writer,Carlee Havers,1662,CZ,19-280-2315,111,116,5/8/2019
Project Manager,Alyce Allin,1174,CN,95-808-3584,112,117,5/21/2019
Assistant Professor,Bobette Curneen,1456,RU,44-622-1096,113,118,11/23/2018
Executive Secretary,Shawnee Cummings,1730,AL,78-240-6818,114,119,12/17/2018
Safety Technician IV,Patricia Sawood,1862,NO,91-968-5499,115,120,2/15/2019
Senior Financial Analyst,Tyrone Sperry,1681,UA,77-617-0600,116,121,4/16/2019
Desktop Support Technician,Collette Lyfe,639,CN,67-058-0563,117,122,6/24/2019
Accountant I,Charmine Schnitter,118,PH,45-895-0311,118,123,9/19/2019
Mechanical Systems Engineer,Madge Bonhome,781,PL,11-630-8721,119,124,1/10/2019
Health Coach II,Chalmers Ainslie,241,MA,69-326-1026,120,125,6/29/2019
Systems Administrator III,Jerrie Broke,1769,GH,24-083-4348,121,126,10/19/2019
Programmer I,Andie Blaes,1754,PS,94-287-8476,122,127,5/6/2019
Food Chemist,Marlene Ruoss,246,PH,65-325-9391,123,128,8/12/2019
Junior Executive,Jessa Bowdidge,1160,HR,76-596-1244,124,129,6/1/2019
Technical Writer,Artus Maypother,459,RU,28-551-3463,125,130,3/4/2019
Nurse Practicioner,Deina Butterley,1312,CN,73-441-2941,126,131,6/29/2019
Executive Secretary,Hartwell Santorini,116,PK,21-062-7005,127,132,11/24/2018
Occupational Therapist,Neala Baythrop,52,SE,28-003-4624,128,133,11/23/2018
Senior Editor,Christabella Spuner,1963,PL,48-702-9749,129,134,9/2/2019
Data Coordiator,Grata Warriner,1233,CN,91-068-0369,130,135,9/2/2019
Research Assistant II,Carr Drinan,1613,PH,55-324-6278,131,136,4/18/2019
Assistant Manager,Elset Murrhardt,227,RU,59-853-1216,132,137,5/26/2019
Tax Accountant,Hillel Passman,1210,CO,92-178-0992,133,138,7/28/2019
Assistant Manager,Jillian Richarson,1458,ID,88-443-2780,134,139,4/7/2019
Physical Therapy Assistant,Giffer Glinde,1618,EE,66-384-7443,135,140,9/1/2019
Food Chemist,Margy Pattington,798,NG,82-022-9380,136,141,4/14/2019
Pharmacist,Tobe Lundie,1054,DE,40-708-4379,137,142,6/13/2019
Graphic Designer,Pet McQuillan,662,SE,50-778-9580,138,143,11/7/2019
GIS Technical Architect,Abran Issacson,812,VN,40-208-3184,139,144,12/13/2018
Marketing Assistant,Xena Norkett,619,NO,83-782-5250,140,145,6/24/2019
Business Systems Development Analyst,Allie Burney,1904,JP,30-439-0992,141,146,2/10/2019
Physical Therapy Assistant,Kendre Vannuchi,1354,CN,97-395-8756,142,147,2/8/2019
Marketing Assistant,Deana Mathan,943,MX,66-780-7568,143,148,9/14/2019
Help Desk Operator,Anna-diane Serjeant,70,PH,56-976-1013,144,149,7/28/2019
Dental Hygienist,Leonard Kennealy,559,PH,05-512-8769,145,150,10/6/2019
Human Resources Manager,Georgy Melanaphy,1174,RU,81-957-4676,146,151,6/10/2019
Sales Associate,Vin Conew,1209,HN,62-280-6904,147,152,4/21/2019
Web Developer II,Agnese Harman,100,CN,33-808-7240,148,153,5/25/2019
Chemical Engineer,Ora Ellesmere,916,JP,71-181-0585,149,154,4/3/2019
Analyst Programmer,Freddi Pidgley,1155,CU,03-493-6374,150,155,7/26/2019
Media Manager IV,Anthe Bellard,528,SO,05-453-4692,151,156,4/17/2019
Teacher,Woodie Roubottom,853,PH,14-807-5295,152,157,4/4/2019
Senior Sales Associate,Brandyn Crasswell,329,CA,48-660-0576,153,158,3/20/2019
Research Assistant IV,Giffy Pleasance,781,RU,66-732-4719,154,159,12/26/2018
Information Systems Manager,Darcy Sand,890,PH,17-752-4520,155,160,9/22/2019
Chief Design Engineer,Dexter Measor,1112,YE,08-726-7655,156,161,9/5/2019
Budget/Accounting Analyst IV,Willamina Sporner,496,AR,36-007-7619,157,162,12/29/2018
Dental Hygienist,Whittaker Swatten,1667,TN,82-209-8712,158,163,2/4/2019
Marketing Manager,Richie Beven,1064,SI,93-169-1532,159,164,4/4/2019
Professor,Dale Soigoux,1528,ID,69-489-2309,160,165,12/27/2018
Software Test Engineer II,Montague Gard,1728,BA,03-743-1269,161,166,10/23/2019
Programmer IV,Esmaria Bockh,1120,ID,32-229-9829,162,167,8/28/2019
Desktop Support Technician,Ingram Blevin,323,PK,29-059-1491,163,168,8/20/2019
Dental Hygienist,Nicole Loxly,1655,TH,47-224-7763,164,169,9/4/2019
Chemical Engineer,Loleta Parry,1813,SO,76-379-0774,165,170,8/29/2019
Dental Hygienist,Lyndel Ramalhete,1316,JP,73-063-9663,166,171,9/18/2019
VP Accounting,Kanya Malarkey,463,PT,37-435-9395,167,172,6/14/2019
Environmental Specialist,Cly Studders,330,AR,06-033-1711,168,173,7/28/2019
Financial Analyst,Stafani Odam,824,PH,17-659-3087,169,174,1/27/2019
Payment Adjustment Coordinator,Justinn Catt,1510,CN,49-441-8567,170,175,6/10/2019
Web Designer IV,Krissie Greve,641,IR,73-207-0816,171,176,5/26/2019
Software Consultant,Sherill Tohill,1313,PH,13-616-6373,172,177,1/4/2019
Staff Scientist,Larina Mulholland,1411,PH,63-640-5928,173,178,11/23/2018
Social Worker,Julieta Columbine,1249,TH,99-778-2832,174,179,12/9/2018
Compensation Analyst,Bertha Pepin,77,ID,48-108-1830,175,180,9/9/2019
Product Engineer,Nealon Ebbutt,52,UA,74-087-0311,176,181,10/7/2019
Statistician II,Iormina Kasper,1556,BR,51-108-6968,177,182,9/24/2019
Systems Administrator II,Norton Westcot,1344,CN,30-133-4453,178,183,11/30/2018
General Manager,Zorina Scown,1495,RU,16-574-5885,179,184,9/6/2019
Budget/Accounting Analyst II,Rycca Siemandl,1031,PL,94-882-6881,180,185,9/29/2019
Accountant II,Antin Junkison,1713,RU,90-893-1033,181,186,4/30/2019
Assistant Manager,Brandi Trenbay,712,BO,33-813-0286,182,187,7/21/2019
Information Systems Manager,Cornell Joules,1980,PH,61-946-2132,183,188,4/26/2019
Web Developer III,Kelwin Freckingham,607,SE,70-399-0462,184,189,12/30/2018
Payment Adjustment Coordinator,Letitia Burnet,18,PH,16-532-2940,185,190,3/8/2019
Analyst Programmer,Marya Pywell,796,AL,11-624-8643,186,191,10/23/2019
Librarian,Jo-anne O' Cloney,1946,UA,18-160-4067,187,192,8/14/2019
Recruiting Manager,Cynthie Hurne,1744,CN,70-007-5679,188,193,12/17/2018
Compensation Analyst,Blondy Tunmore,1870,GR,05-541-7601,189,194,12/7/2018
Nurse,Melantha McWard,1977,PL,13-162-3409,190,195,11/10/2019
Financial Advisor,Danny Skurray,1113,JO,27-798-2768,191,196,12/20/2018
Biostatistician III,Henrie Sherland,1207,CO,40-032-9089,192,197,11/14/2019
Legal Assistant,Gilles Todarello,934,US,16-073-6727,193,198,4/24/2019
Automation Specialist IV,Rodie Knee,1327,FR,85-269-4304,194,199,9/18/2019
Civil Engineer,Andromache Hegel,1347,RU,24-108-5502,195,200,10/11/2019
Account Coordinator,Alexander MacGille,687,TH,13-219-0753,196,201,11/16/2018
Environmental Specialist,Heriberto Tulley,1870,AL,69-189-7415,197,202,10/29/2019
Automation Specialist III,Padraic Ricciardi,847,CN,86-303-4138,198,203,11/18/2018
Research Assistant I,Bradford Pashe,1036,CA,76-207-1053,199,204,8/18/2019
Senior Editor,Arlene Blodgetts,1623,UA,21-279-5254,200,205,1/1/2019
Programmer II,Elna Bodycote,981,BR,94-250-1491,201,206,8/12/2019
Account Representative IV,Sabine Helian,1703,JP,70-657-3669,202,207,11/28/2018
Automation Specialist II,Eb Goaley,43,CA,81-453-7220,203,208,4/16/2019
Nuclear Power Engineer,Maddie Shuker,1202,US,14-156-9704,204,209,10/7/2019
Automation Specialist III,Kai Cicco,2000,CN,72-958-9945,205,210,8/4/2019
Paralegal,Zackariah Bassindale,868,CN,72-746-8090,206,211,9/1/2019
Senior Cost Accountant,Sharron Lynock,1205,PH,52-055-9733,207,212,11/30/2018
Systems Administrator I,Vergil Rossbrooke,136,CN,76-355-0043,208,213,5/21/2019
Electrical Engineer,Theadora Raffin,1392,NP,35-928-7647,209,214,9/10/2019
Web Designer I,Pascal D'eye,1364,MX,45-531-5430,210,215,3/10/2019
Senior Editor,Hewie Lamberton,1066,PL,12-496-1645,211,216,4/3/2019
Chemical Engineer,Kathye Hexham,1142,PS,05-601-6324,212,217,12/5/2018
Senior Developer,Lisha Monck,1666,RU,16-764-6800,213,218,4/5/2019
Legal Assistant,Jayme Pidgen,450,TZ,26-521-9347,214,219,10/28/2019
Electrical Engineer,Jethro Hardaker,282,CN,67-515-1305,215,220,3/9/2019
Compensation Analyst,Celinda Emmot,1819,ID,44-153-0800,216,221,10/15/2019
Paralegal,Augie Comelli,1273,CA,30-011-2229,217,222,12/24/2018
Budget/Accounting Analyst III,Levi Buessen,1979,CN,77-140-4283,218,223,11/2/2019
Geological Engineer,Fannie Britto,541,TV,20-822-7042,219,224,7/6/2019
Human Resources Assistant II,Bruno Hanham,1558,RU,50-433-3696,220,225,3/4/2019
Design Engineer,Alexis Fike,1217,PH,29-756-3782,221,226,2/21/2019
Software Test Engineer IV,Deane Meineking,280,VN,46-131-4934,222,227,3/25/2019
Help Desk Technician,Josselyn Reddy,1706,PH,62-292-5997,223,228,10/21/2019
GIS Technical Architect,Britni Scneider,1350,ID,46-946-5225,224,229,8/27/2019
Environmental Tech,Quillan Ennever,249,ID,58-163-5521,225,230,4/23/2019
Structural Engineer,Glory Highway,557,ID,72-436-5202,226,231,12/30/2018
Geologist IV,Oona Tax,1913,CN,43-510-6815,227,232,1/26/2019
Recruiter,Tobi Jeske,563,CN,52-684-1845,228,233,5/16/2019
Cost Accountant,Carny Croxford,1884,PH,33-220-7110,229,234,11/22/2018
Technical Writer,Hamil Libbis,1240,NO,95-698-4829,230,235,3/3/2019
Food Chemist,Aeriela Zecchii,574,MX,38-500-1438,231,236,1/17/2019
Sales Representative,Nealson Aldwinckle,1970,SE,69-420-7653,232,237,6/12/2019
Recruiter,Ryley Rosgen,617,BI,87-449-1394,233,238,12/6/2018
Senior Financial Analyst,Terri-jo Bull,1349,RU,46-790-4375,234,239,1/16/2019
Structural Analysis Engineer,Obidiah Taggart,1482,PL,82-421-5725,235,240,2/7/2019
Executive Secretary,Constancy Kayzer,437,RU,73-608-3073,236,241,1/28/2019
Sales Associate,Dario Cadwallader,1301,BR,18-161-3273,237,242,12/8/2018
Mechanical Systems Engineer,Sebastiano Plampin,1280,CA,18-674-1023,238,243,3/18/2019
Help Desk Operator,Brittney Erat,151,MK,63-308-5509,239,244,10/23/2019
Media Manager II,Tabatha Fawdrie,93,PE,99-635-5227,240,245,10/19/2019
Senior Developer,Margo Picheford,847,PE,86-212-2897,241,246,11/16/2018
Senior Developer,Jaclyn Tunkin,1223,SE,57-091-3246,242,247,4/3/2019
GIS Technical Architect,Cherye Measey,1125,SV,99-736-7956,243,248,11/22/2018
Senior Quality Engineer,Sibylle Riseam,924,RU,90-601-9516,244,249,2/21/2019
Accountant I,Eugenia Giraudou,1351,CN,77-189-7349,245,250,9/13/2019
Environmental Tech,Casper Leggon,1358,RU,21-574-3681,246,251,9/13/2019
Payment Adjustment Coordinator,Patton Bichard,87,HN,73-718-8067,247,252,1/6/2019
Senior Financial Analyst,Michaela Whipple,1830,SI,17-715-1610,248,253,4/7/2019
Structural Engineer,Ives Pockett,1128,ID,77-398-8480,249,254,3/28/2019
Health Coach III,Goddart Mullaly,1333,RS,62-306-7749,250,255,2/9/2019
Engineer II,Eba Gorey,1159,TH,21-962-3497,251,256,9/19/2019
Biostatistician II,Saraann Aust,693,RU,07-011-3952,252,257,9/12/2019
Computer Systems Analyst I,Towney Bollin,1688,BJ,10-547-4751,253,258,4/20/2019
Sales Representative,Maison Kuhnel,383,NG,91-899-7126,254,259,10/23/2019
Recruiter,Sinclare Downing,600,SE,07-603-5569,255,260,10/12/2019
Dental Hygienist,Derrek Macieja,1818,US,55-849-7372,256,261,2/5/2019
Health Coach II,Garrot Francesco,640,TJ,17-498-1993,257,262,7/9/2019
Assistant Manager,Haslett Chadney,1107,HU,65-713-2675,258,263,6/11/2019
Recruiting Manager,Brook Philcott,865,CN,91-837-0012,259,264,6/20/2019
Financial Advisor,Vivie Donn,803,PT,17-548-2409,260,265,6/12/2019
Tax Accountant,Maighdiln Burt,1957,PT,72-392-5618,261,266,6/23/2019
Developer III,Beaufort Vaudre,938,PH,14-185-4033,262,267,11/26/2018
Senior Quality Engineer,Codi Buntine,1503,ID,22-775-2329,263,268,1/15/2019
Research Nurse,Shara Collett,1245,SE,16-398-3908,264,269,11/5/2019
Associate Professor,Standford Pember,639,CN,53-028-5603,265,270,1/16/2019
Senior Editor,Jules Advani,1864,BR,28-592-6105,266,271,7/15/2019
Actuary,Carita Point,62,ID,00-474-7988,267,272,2/1/2019
Director of Sales,Larry Attack,1256,IE,38-401-3069,268,273,6/8/2019
Community Outreach Specialist,Persis Sprull,1599,PE,74-001-5453,269,274,10/11/2019
Programmer III,Adelheid Gook,280,ID,41-550-9931,270,275,1/9/2019
Operator,Felicia Staines,1456,ID,25-198-8329,271,276,10/16/2019
Sales Associate,Alva Phillipp,359,PE,27-987-9556,272,277,2/16/2019
Systems Administrator I,Sorcha Beardmore,1636,NG,49-480-0429,273,278,10/17/2019
Quality Control Specialist,Kit Basindale,84,CM,71-974-3221,274,279,1/3/2019
Database Administrator I,Eilis Nelane,1914,PH,04-744-8689,275,280,6/6/2019
Dental Hygienist,Darsie Younge,1316,HT,06-925-9365,276,281,12/10/2018
Community Outreach Specialist,Mag Frackiewicz,1631,CN,39-345-4147,277,282,10/21/2019
Engineer IV,Katy Poytheras,989,US,27-874-0095,278,283,3/2/2019
Senior Developer,Ronalda Merwood,711,RU,54-491-1023,279,284,2/7/2019
Social Worker,Stavros Sheldrick,861,ID,60-043-1447,280,285,9/13/2019
Office Assistant IV,Gabby Loadwick,1917,CA,36-688-4301,281,286,10/2/2019
Software Engineer I,Elisabetta Greenalf,824,LB,88-390-7964,282,287,6/22/2019
Senior Quality Engineer,Adorne Buckler,1542,ID,90-618-7571,283,288,10/21/2019
Web Designer IV,Elizabeth Kort,692,PH,23-505-7847,284,289,1/29/2019
Engineer I,Richmound Brinkley,1254,CN,38-497-3552,285,290,4/27/2019
Recruiting Manager,Jerrie Laddle,1039,JP,24-731-8573,286,291,2/23/2019
Assistant Manager,Tiebold Charker,692,CN,86-770-3226,287,292,11/30/2018
Research Associate,Levi Wysome,1302,MA,96-869-5203,288,293,7/26/2019
Biostatistician III,Mar Smedmoor,794,CN,60-903-1532,289,294,3/18/2019
Programmer Analyst IV,Addi Malia,1800,CN,97-959-1271,290,295,1/29/2019
VP Sales,Carlotta Savile,86,RU,92-538-9857,291,296,1/3/2019
Staff Scientist,Mara Gerrelts,184,MA,89-851-9268,292,297,7/17/2019
GIS Technical Architect,Bancroft Holhouse,66,VE,23-441-6431,293,298,3/22/2019
VP Accounting,Glynn Brown,1825,TH,84-017-4974,294,299,8/13/2019
Accountant III,Tristan Circuit,1690,RE,14-898-7249,295,300,8/16/2019
VP Accounting,Sinclair Sabie,413,CN,72-179-0706,296,301,4/22/2019
Internal Auditor,Giselle Lawlance,730,CN,90-686-0720,297,302,2/26/2019
Administrative Assistant IV,Friederike Ithell,976,UA,35-209-6976,298,303,1/6/2019
Developer I,Pierson Seedhouse,1002,CN,50-927-9757,299,304,10/18/2019
Systems Administrator III,Maddi Rawlyns,1249,CN,83-246-1768,300,305,4/6/2019
VP Quality Control,Doug Songhurst,1049,CN,02-322-5891,301,306,7/7/2019
Financial Advisor,Concordia Tomashov,259,RU,42-298-8863,302,307,1/27/2019
Payment Adjustment Coordinator,Erwin Swetenham,1196,CA,12-860-9929,303,308,4/19/2019
Senior Developer,Brooks Rubin,1640,ID,61-269-5572,304,309,2/17/2019
Help Desk Technician,Averill Ambrogioli,34,BR,70-204-1274,305,310,4/14/2019
Actuary,Linet Barrable,1586,RU,53-614-3801,306,311,8/9/2019
Account Executive,Alwyn Caldecott,1154,CN,09-827-9749,307,312,10/7/2019
Financial Analyst,Karie Nials,1259,GR,39-413-2206,308,313,8/10/2019
Human Resources Assistant III,Janeta Slee,721,FR,19-540-5025,309,314,9/8/2019
Data Coordiator,Humfrid Barlace,859,CN,03-670-7626,310,315,5/1/2019
Health Coach II,Kaja Veldman,1684,CO,89-570-4993,311,316,12/9/2018
Health Coach III,Donnajean Nials,1736,KG,26-081-9026,312,317,10/30/2019
Product Engineer,Adriena Tibbotts,1297,GM,19-492-9235,313,318,1/26/2019
Analog Circuit Design manager,Marilyn Langlands,1427,RU,68-484-5159,314,319,6/26/2019
Senior Financial Analyst,Laurent Froment,1129,ID,20-886-5526,315,320,10/9/2019
Physical Therapy Assistant,Melly Cinavas,996,TH,90-807-0519,316,321,2/10/2019
Physical Therapy Assistant,Khalil Ollin,288,CU,39-828-7164,317,322,11/28/2018
Senior Financial Analyst,Alidia Aisman,531,PL,22-190-5458,318,323,8/1/2019
Senior Cost Accountant,Valentina Males,1232,CN,95-766-7240,319,324,6/8/2019
Assistant Professor,Kendrick Sikorski,1150,FI,18-449-8255,320,325,7/19/2019
Registered Nurse,Kellsie Edgerly,1015,AR,78-686-4050,321,326,10/22/2019
GIS Technical Architect,Julianna Kirsche,684,FI,66-969-2863,322,327,10/28/2019
Clinical Specialist,Koral Doby,391,US,16-772-3078,323,328,9/14/2019
Community Outreach Specialist,Rodolph Rhys,1267,PL,92-344-3137,324,329,2/11/2019
Web Developer IV,Aili MacLucais,913,GB,77-381-2399,325,330,11/28/2018
Senior Quality Engineer,Brock Beelby,568,PT,91-190-3484,326,331,5/29/2019
Programmer IV,Prissie Brevitt,864,HR,41-242-2456,327,332,8/4/2019
Web Developer III,Fielding Domnick,522,FI,59-849-2344,328,333,8/27/2019
Project Manager,Caitrin Brownsword,1997,CN,81-643-2920,329,334,3/27/2019
Data Coordiator,Elsworth Asplin,1947,PH,57-545-1807,330,335,2/2/2019
Automation Specialist III,Dorise Shucksmith,1308,CN,23-951-2237,331,336,12/25/2018
Computer Systems Analyst II,Nicolette Okey,72,NI,73-618-6348,332,337,10/11/2019
Nuclear Power Engineer,Concettina Smieton,471,RU,58-197-7996,333,338,5/22/2019
Web Developer I,Rollie Edgworth,1479,JP,99-237-9067,334,339,5/4/2019
Senior Quality Engineer,Marv Wagge,78,ID,47-989-3579,335,340,5/1/2019
Business Systems Development Analyst,Leodora Bischop,957,UA,08-163-1808,336,341,5/10/2019
Director of Sales,Far Starbeck,768,CN,32-295-7127,337,342,8/1/2019
Graphic Designer,Phillie Moughton,1736,PL,92-829-3276,338,343,7/13/2019
Analyst Programmer,Austen Ashley,502,CN,09-598-9315,339,344,7/29/2019
Operator,Datha Issacof,1784,PK,58-070-3588,340,345,1/15/2019
Desktop Support Technician,Selig Sylvester,1665,RU,41-044-0045,341,346,6/23/2019
Chief Design Engineer,Loise Koppelmann,864,MG,75-888-1661,342,347,1/8/2019
Health Coach II,Osbourn Lamport,967,CN,00-672-3121,343,348,7/12/2019
Speech Pathologist,Rosalinda Hickinbottom,1235,RU,05-840-3698,344,349,7/17/2019
Account Representative IV,Guenevere Hawkridge,188,KZ,05-142-5381,345,350,11/30/2018
Web Developer IV,Kristopher Dugmore,1405,ID,23-871-7204,346,351,5/6/2019
Administrative Officer,Sib Bockett,696,GR,55-873-2987,347,352,11/10/2019
Research Nurse,Brnaby Rutland,463,ID,99-846-9270,348,353,7/9/2019
Senior Editor,Clemmy Throssell,1139,MX,00-069-7914,349,354,11/25/2018
Computer Systems Analyst II,Ulrica Fowley,1210,SY,74-822-4693,350,355,3/22/2019
Safety Technician II,Ardyth Raith,1541,CD,01-803-0760,351,356,10/8/2019
Speech Pathologist,Dory McGinly,1781,PH,38-080-9350,352,357,9/5/2019
Registered Nurse,Saw Osbourn,813,CN,97-806-5793,353,358,3/28/2019
Registered Nurse,Ninnetta Tench,664,IE,94-886-6333,354,359,7/9/2019
Office Assistant III,Hildy Thickins,840,HR,06-794-4373,355,360,7/11/2019
Media Manager I,Karia Honeywood,928,RU,92-129-0114,356,361,9/20/2019
Media Manager I,Prinz Duplock,1771,XK,54-455-3542,357,362,7/19/2019
Administrative Assistant II,Cloe Rosentholer,1504,PT,13-927-5662,358,363,2/18/2019
Help Desk Operator,Hew Leonardi,163,CL,73-821-1699,359,364,3/10/2019
Financial Analyst,Brietta Mayers,1003,CN,24-196-1175,360,365,3/4/2019
Actuary,Mycah Wennington,1637,SE,34-412-2160,361,366,12/29/2018
Food Chemist,Zachary Kochl,168,PT,87-619-9479,362,367,5/22/2019
Technical Writer,Barney Brigman,1626,PH,33-372-1783,363,368,2/21/2019
Structural Engineer,Thadeus Swalteridge,1502,JP,90-394-7589,364,369,4/4/2019
Chief Design Engineer,Nye Eckersall,996,PT,58-492-1356,365,370,2/19/2019
Food Chemist,Izaak Erbain,1171,PH,04-386-4561,366,371,8/13/2019
Marketing Manager,Dunc Scarasbrick,1267,ID,38-374-6911,367,372,2/12/2019
Compensation Analyst,Rolland Etteridge,209,UA,09-606-8155,368,373,1/11/2019
Senior Quality Engineer,Cammie Pitkin,1393,GR,46-591-8152,369,374,2/21/2019
Office Assistant I,Leigh Bohler,920,PH,47-609-6439,370,375,8/18/2019
Administrative Assistant II,Elna MacAree,731,VN,24-598-0475,371,376,5/16/2019
Information Systems Manager,Archaimbaud Garn,678,CN,38-809-5130,372,377,9/29/2019
Project Manager,Liane Hartness,1254,IR,17-537-9544,373,378,2/25/2019
Executive Secretary,Dewitt Lamport,146,ID,15-478-6395,374,379,1/21/2019
Office Assistant III,Lita Winder,1412,MX,41-364-1062,375,380,10/25/2019
Analyst Programmer,Colman Sebastian,1446,CD,59-502-4779,376,381,8/13/2019
Account Representative IV,Darbee Edmundson,1246,RU,13-069-3735,377,382,7/8/2019
Software Engineer II,Ronny Ingilson,268,BR,35-492-7445,378,383,10/14/2019
Project Manager,Bunny Huntington,1421,CN,81-732-7171,379,384,12/25/2018
Actuary,Gonzales Decort,987,HN,27-934-9328,380,385,4/10/2019
Director of Sales,Florence Pilcher,1258,CN,70-936-6211,381,386,3/22/2019
Research Assistant III,Lizbeth Wellbeloved,1730,LT,45-506-9296,382,387,11/17/2018
Marketing Assistant,Bink Tetlow,357,ID,73-253-4315,383,388,12/5/2018
Assistant Manager,Kristofer Roxburgh,1448,CN,36-119-6537,384,389,12/28/2018
Tax Accountant,Con Iggalden,1966,SE,05-814-9427,385,390,5/27/2019
Physical Therapy Assistant,Ginger Bloxsum,1552,CN,67-734-7529,386,391,3/24/2019
Operator,Catherine Ferrara,864,MT,16-425-4224,387,392,3/3/2019
General Manager,Rainer Beldon,1470,ID,21-668-9294,388,393,6/11/2019
Sales Representative,Shaine Pitkeathly,1190,PK,67-711-0609,389,394,11/12/2019
Staff Accountant III,Gordon Grubb,741,CN,40-131-1882,390,395,12/24/2018
Safety Technician III,Marcus Sudworth,1927,CO,30-071-4533,391,396,12/1/2018
Budget/Accounting Analyst II,Blondie Shephard,973,CN,01-359-7337,392,397,9/29/2019
Tax Accountant,Hurley Pellamont,261,AS,46-142-3061,393,398,4/2/2019
Safety Technician III,Phyllys Hardey,455,CN,40-723-5456,394,399,12/30/2018
Paralegal,Kirsteni Hudleston,946,UA,81-056-7761,395,400,7/31/2019
Programmer IV,Freemon Clail,1036,CN,61-930-5451,396,401,10/11/2019
Environmental Tech,Paige Bullock,1450,BR,60-521-0884,397,402,11/9/2019
Software Test Engineer IV,Clea Roach,516,PH,95-793-6913,398,403,4/3/2019
Registered Nurse,Diane-marie Aspling,1251,CZ,97-259-3133,399,404,7/24/2019
VP Accounting,Kevina Gabb,1918,GT,52-210-5300,400,405,10/19/2019
Human Resources Assistant III,Alfredo Maslen,1483,US,16-005-8474,401,406,12/2/2018
Staff Scientist,Shena Hardy,1198,GR,17-369-8114,402,407,1/11/2019
Senior Sales Associate,Forester Colthard,474,CN,90-333-0142,403,408,1/10/2019
Cost Accountant,Rowan Casale,901,ID,63-522-7220,404,409,5/8/2019
Chief Design Engineer,Deeanne Stott,169,PT,33-961-3477,405,410,12/9/2018
Accountant III,Seana McAndrew,1726,UA,18-094-7296,406,411,7/8/2019
Media Manager II,Stirling Gaitskill,26,PL,55-129-8998,407,412,9/10/2019
Senior Sales Associate,Kit Marner,1709,MG,22-654-7470,408,413,4/9/2019
Engineer II,Tamarah Rostron,31,PT,84-743-2636,409,414,10/25/2019
Project Manager,Dexter Huikerby,1565,PH,53-293-3018,410,415,7/15/2019
VP Accounting,Lorelle Cotterel,788,CN,33-484-1433,411,416,6/15/2019
Sales Associate,Horst Toolin,980,ID,33-380-8090,412,417,12/3/2018
Paralegal,Muhammad Mathissen,618,RU,18-448-0010,413,418,4/24/2019
Administrative Officer,Godfree Kristoffersson,481,YE,11-851-4359,414,419,12/2/2018
Budget/Accounting Analyst II,Virgil Winterbottom,774,PT,31-356-5812,415,420,11/5/2019
Senior Quality Engineer,Lu Lakeland,1683,ID,78-818-8343,416,421,1/8/2019
Payment Adjustment Coordinator,Vivianne Peiser,1811,TH,06-941-2800,417,422,6/26/2019
Environmental Specialist,Barry Wagner,505,SE,38-050-5345,418,423,9/22/2019
Technical Writer,Glori Roark,1923,GR,99-287-5016,419,424,2/15/2019
Budget/Accounting Analyst IV,Ase Le feuvre,1428,CN,33-574-7061,420,425,10/15/2019
Editor,Sharona Riden,1189,ID,86-652-9678,421,426,4/9/2019
Media Manager IV,Taber Robins,1517,FR,26-754-4839,422,427,7/9/2019
Web Designer IV,Larry Coggan,1533,MA,35-798-9397,423,428,1/4/2019
Safety Technician IV,Vally Venediktov,870,LU,63-907-0980,424,429,8/18/2019
Actuary,Carin Hounsome,1140,YE,28-491-7499,425,430,7/12/2019
Statistician I,Patty Thornhill,1235,TH,13-805-2878,426,431,11/10/2019
Safety Technician IV,Gus O'Cassidy,955,CN,37-813-9913,427,432,9/11/2019
Recruiting Manager,Christophe Wellbank,1299,RU,97-458-1522,428,433,2/14/2019
Actuary,Lindsay Erley,1198,US,41-119-6974,429,434,9/29/2019
Compensation Analyst,Justin Jinda,123,CU,84-561-5223,430,435,7/29/2019
Account Representative III,Camel Jeaneau,803,CN,27-334-3140,431,436,12/9/2018
VP Sales,Wendell O'Sherrin,1217,CA,39-973-4744,432,437,11/29/2018
Product Engineer,Tiphanie Benedicto,917,UY,99-584-6019,433,438,1/30/2019
Electrical Engineer,Janeva Ebourne,699,PH,75-833-2566,434,439,12/2/2018
Technical Writer,Fergus Corneljes,1635,ZM,13-080-4614,435,440,5/25/2019
Administrative Assistant II,Homere Hayward,1590,LY,53-195-2510,436,441,11/22/2018
Senior Developer,Feliza McCombe,461,KZ,64-443-8903,437,442,9/30/2019
Senior Financial Analyst,Rollins Oxshott,114,ID,08-130-7170,438,443,5/11/2019
Mechanical Systems Engineer,Chaddie Kenworthey,566,FJ,47-616-9251,439,444,7/26/2019
Chemical Engineer,Dare Cardow,1116,CN,58-893-7226,440,445,4/16/2019
Analyst Programmer,Sallee Pennicard,633,JP,89-980-4847,441,446,3/15/2019
Staff Accountant III,Hermia Culpan,1544,CN,23-232-8647,442,447,2/9/2019
Administrative Officer,Dieter Phinnessy,1376,AM,77-610-3387,443,448,12/1/2018
Account Executive,Morty Seed,504,ID,66-841-4153,444,449,7/2/2019
Payment Adjustment Coordinator,Leelah Glitherow,1916,DE,81-516-5974,445,450,11/20/2018
General Manager,Hephzibah Blodg,754,CN,13-340-0968,446,451,10/20/2019
Software Test Engineer IV,Marcella Eykelhof,1574,CN,21-817-7949,447,452,12/2/2018
Accounting Assistant III,Harper Maruszewski,1724,SV,61-838-2742,448,453,1/15/2019
Associate Professor,Eddie Stephens,521,BY,56-697-7631,449,454,10/16/2019
Paralegal,Karoly Reffe,983,US,52-827-5540,450,455,3/4/2019
Executive Secretary,Sisile Lorie,1425,CN,56-285-1589,451,456,4/4/2019
Software Consultant,Myra Bertot,667,DK,36-841-1929,452,457,8/12/2019
Geological Engineer,Fredrika McDell,1702,CN,61-549-4834,453,458,5/17/2019
Biostatistician III,Thorin Elwel,1174,JP,75-486-4324,454,459,6/23/2019
VP Accounting,Evangeline Knock,60,US,05-995-9360,455,460,7/30/2019
Nuclear Power Engineer,Charlene Bocke,1234,PL,46-236-4612,456,461,5/2/2019
Compensation Analyst,Arvin Haggish,1514,JM,85-631-1667,457,462,7/7/2019
Occupational Therapist,Christine De Clairmont,646,KR,44-325-0332,458,463,8/9/2019
Assistant Professor,Pavel Drepp,618,JP,06-674-8560,459,464,8/29/2019
Legal Assistant,Katinka Eringey,1277,BR,70-678-8487,460,465,10/28/2019
Web Developer IV,Gilligan Ponder,776,FR,37-764-2665,461,466,5/29/2019
Business Systems Development Analyst,Kirsten Colleford,662,RU,07-451-3024,462,467,8/14/2019
Web Developer I,Hanni Dodle,110,FR,90-448-2433,463,468,11/1/2019
Paralegal,Gabriella Vasyunkin,461,PT,56-937-0170,464,469,7/4/2019
Editor,Melina Barkas,983,CN,92-716-8778,465,470,1/27/2019
Budget/Accounting Analyst I,Kerri Bordes,1911,FR,73-545-1581,466,471,1/4/2019
Developer III,Eden Roome,787,CN,69-292-9878,467,472,8/12/2019
Health Coach III,Gerda Pimlott,1280,MA,89-538-0331,468,473,12/1/2018
Research Associate,Elie Braunter,530,ID,94-333-1808,469,474,7/8/2019
Administrative Assistant IV,Loleta Vannuchi,700,CN,95-577-5387,470,475,10/13/2019
Help Desk Technician,Lindsey Elman,194,RU,43-282-8506,471,476,5/8/2019
Senior Developer,Dallas Kapelhof,1729,CN,07-777-6058,472,477,4/12/2019
Geological Engineer,Roobbie Braganza,383,ID,61-914-2026,473,478,6/17/2019
Web Designer IV,Corina Landre,1640,CO,53-399-0843,474,479,6/27/2019
Account Representative III,Denny Wyllis,1401,CN,23-355-4929,475,480,5/30/2019
Mechanical Systems Engineer,Clevey Downton,223,BR,71-510-4487,476,481,4/22/2019
Sales Representative,Nettie Curnok,637,UA,79-192-6777,477,482,3/22/2019
Internal Auditor,Micah Arnli,1079,BR,10-699-8061,478,483,9/29/2019
VP Sales,Deanna Pym,1271,PE,04-890-3419,479,484,10/16/2019
Dental Hygienist,Dun Telling,1353,RS,77-378-2146,480,485,10/19/2019
Business Systems Development Analyst,Geoff Bortolussi,1549,PL,13-697-5202,481,486,8/12/2019
Accountant III,Blake Snoden,1664,PH,33-906-8265,482,487,1/30/2019
Teacher,Row MacDuff,558,FR,80-065-5508,483,488,8/3/2019
Payment Adjustment Coordinator,Mickie McGeorge,1073,CN,57-867-4895,484,489,8/16/2019
Engineer I,Cam Degenhardt,1245,CN,81-521-1510,485,490,1/7/2019
VP Product Management,Gustav Raithbie,1789,NP,83-865-4809,486,491,9/7/2019
Staff Scientist,Colas Ruspine,1412,CN,20-210-1633,487,492,6/10/2019
Director of Sales,Linn Feasby,1741,AR,12-769-5601,488,493,9/14/2019
Occupational Therapist,Cart Ramelot,643,US,71-589-5841,489,494,11/29/2018
Office Assistant I,Killie Swedeland,1266,CN,81-304-1645,490,495,9/30/2019
Account Coordinator,Boyd Thrower,881,CN,26-498-6227,491,496,3/1/2019
Senior Cost Accountant,Hillard Corneck,1332,LY,66-614-5213,492,497,12/26/2018
Quality Control Specialist,Virgil Vynall,996,RU,23-476-8325,493,498,7/22/2019
Community Outreach Specialist,Nataniel Philippard,1110,CN,67-521-7389,494,499,10/26/2019
Accountant IV,Clemence Gunthorp,120,FR,01-570-3780,495,500,8/24/2019
Payment Adjustment Coordinator,Ariela Simonelli,23,ID,39-355-7934,496,501,11/12/2019
Human Resources Assistant III,Reade Leyton,1667,CO,25-481-4993,497,502,7/8/2019
Cost Accountant,Constancy Rudge,1480,BA,58-629-7670,498,503,1/10/2019
Actuary,Abigail Isbell,1359,PT,72-653-1279,499,504,12/3/2018
Statistician II,Zaccaria Slyman,1765,CL,61-715-3043,500,505,12/19/2018
Sales Representative,Grata Chaffer,543,CN,02-726-1920,501,506,5/12/2019
Systems Administrator IV,Den McElwee,572,CN,00-720-8506,502,507,8/15/2019
Biostatistician II,Guilbert Chetwin,1225,ID,42-986-9706,503,508,4/3/2019
Research Assistant IV,Galvan Greenhead,1324,PH,37-315-4173,504,509,8/3/2019
Analog Circuit Design manager,Jacinda Bellhouse,1355,CN,98-097-5546,505,510,10/21/2019
Operator,Beatrisa Challicum,747,CN,40-488-8165,506,511,2/19/2019
Chemical Engineer,Sofie Le Grand,305,CU,76-745-8050,507,512,1/9/2019
Graphic Designer,Olga Cluatt,413,CN,64-300-8622,508,513,4/5/2019
Business Systems Development Analyst,Jonathan Leader,737,PL,97-085-4583,509,514,9/8/2019
Mechanical Systems Engineer,Bondon Perkins,1343,CO,06-755-8059,510,515,1/11/2019
Budget/Accounting Analyst I,Emmey Akam,133,KZ,51-282-0135,511,516,4/5/2019
Pharmacist,Natala Cotman,1444,CA,29-353-5155,512,517,2/28/2019
Librarian,Carola Blackey,1346,JP,24-120-3424,513,518,1/24/2019
Executive Secretary,Iona Cluely,1732,FR,13-272-4921,514,519,3/5/2019
Analyst Programmer,Tressa MacKimmie,1177,RU,85-052-7516,515,520,1/17/2019
Financial Advisor,Chelsea Baird,1742,CZ,45-140-5682,516,521,6/30/2019
General Manager,Neda Reasce,255,SL,97-487-3218,517,522,8/10/2019
Compensation Analyst,Jarvis McGinley,958,RU,88-936-9062,518,523,12/28/2018
Technical Writer,Kendra Cranson,775,ID,69-653-8504,519,524,2/13/2019
Speech Pathologist,Wang Royse,777,PE,62-803-1691,520,525,2/20/2019
Help Desk Technician,Leodora Palmby,1199,DE,02-712-7295,521,526,11/17/2018
Computer Systems Analyst III,Julina Habbon,1167,CN,57-418-1039,522,527,4/23/2019
Structural Analysis Engineer,York Potter,356,CN,99-735-2840,523,528,12/23/2018
Internal Auditor,Michele Antosch,623,MX,48-806-9713,524,529,6/25/2019
VP Marketing,Janel Sames,1506,RU,51-644-7329,525,530,7/19/2019
Desktop Support Technician,Bil Edser,1178,TH,09-093-5541,526,531,11/25/2018
Food Chemist,Wileen Gotter,1228,ID,78-835-2970,527,532,3/23/2019
Junior Executive,Westleigh Tenman,595,KE,74-321-7512,528,533,2/23/2019
Executive Secretary,Trixi Leslie,505,ET,79-641-9071,529,534,11/27/2018
Recruiting Manager,Jillana O'Henecan,1952,RU,20-687-9195,530,535,2/10/2019
Director of Sales,Alain Girvin,1591,CN,71-662-2341,531,536,7/28/2019
Administrative Officer,Hobart Yurtsev,547,HN,55-754-2131,532,537,9/3/2019
Clinical Specialist,Rhodie McAlpine,1802,CN,19-751-0216,533,538,8/22/2019
Accountant II,Ranique Feveryear,1661,RU,60-768-3233,534,539,7/15/2019
Sales Associate,Gayler Brosio,1706,CN,91-378-1450,535,540,6/21/2019
Information Systems Manager,Marinna Birchner,32,MW,92-633-9235,536,541,7/31/2019
Occupational Therapist,Sheri Bargh,1591,NG,22-900-5466,537,542,11/2/2019
Help Desk Operator,Elfreda Geldard,789,UA,12-345-1900,538,543,8/1/2019
Administrative Officer,Sarajane Noriega,1470,SC,57-091-5038,539,544,4/19/2019
Registered Nurse,Tiffy Hoopper,1297,LT,18-852-1295,540,545,2/5/2019
Human Resources Assistant IV,Fulvia Clamo,544,ID,48-502-7156,541,546,10/20/2019
Recruiter,Courtney Margram,843,CN,97-593-9896,542,547,12/25/2018
Financial Analyst,Giusto Hawgood,1501,HT,56-621-8194,543,548,4/5/2019
Human Resources Manager,Kalil Zupa,246,AR,72-494-3863,544,549,2/22/2019
Director of Sales,Lora Strutton,1775,FI,85-246-1724,545,550,3/29/2019
Professor,Onofredo Mation,950,GQ,00-537-1284,546,551,6/25/2019
Cost Accountant,Cassondra Kalker,1265,FR,06-808-8838,547,552,8/27/2019
Data Coordiator,Sybil Todarello,185,CN,40-665-0530,548,553,4/10/2019
Senior Editor,Reiko Nason,502,CN,41-739-5269,549,554,3/24/2019
Account Executive,Brunhilda Shinfield,1338,PH,92-919-9063,550,555,8/19/2019
Paralegal,Peder Garlicke,1079,CN,39-534-5123,551,556,1/13/2019
Financial Analyst,Gennifer Tapner,1313,CA,13-724-5921,552,557,1/24/2019
Software Test Engineer III,Nero Lambotin,1524,PH,50-801-4729,553,558,4/5/2019
Web Developer IV,Maison Ungerer,732,CN,96-580-1022,554,559,9/27/2019
Speech Pathologist,Karen Dalwood,561,GR,66-184-0282,555,560,5/16/2019
Junior Executive,Jamaal Cheyenne,1776,CA,25-419-1768,556,561,4/2/2019
Chemical Engineer,Reinhold Flew,433,PE,15-711-8505,557,562,11/11/2019
Director of Sales,Debby Blackley,274,CN,97-551-7609,558,563,7/6/2019
Quality Engineer,Cynthie Jarville,1245,CN,11-239-6539,559,564,2/15/2019
Account Representative III,Ronny Craig,1379,LT,34-675-0268,560,565,12/21/2018
Geological Engineer,Gay Le Lievre,745,KP,23-211-5128,561,566,2/3/2019
Administrative Officer,Aveline Boadby,1455,PH,94-167-2233,562,567,12/20/2018
Senior Quality Engineer,Seka Robertelli,1616,ID,19-343-7241,563,568,1/25/2019
Programmer I,Franz Culshaw,403,CA,27-814-1342,564,569,6/4/2019
Pharmacist,Klemens Coey,1060,ZA,34-103-2998,565,570,6/14/2019
Systems Administrator II,Reena Dellenbrook,939,CN,07-097-8695,566,571,8/24/2019
Actuary,Julina Bees,24,AR,46-169-8556,567,572,3/27/2019
Associate Professor,Georgia Hourstan,462,CZ,20-812-2449,568,573,6/15/2019
Software Test Engineer III,Tamma Willwood,1486,ID,62-668-4057,569,574,10/24/2019
General Manager,Valaria Glander,953,CN,75-573-7806,570,575,1/5/2019
Teacher,Tara Harriagn,843,RU,85-388-5324,571,576,8/25/2019
Quality Control Specialist,Sally Manuello,661,CN,63-518-5105,572,577,2/7/2019
Compensation Analyst,Nerte Paolicchi,1398,RU,70-296-8964,573,578,6/11/2019
Staff Scientist,Nessie Spall,1198,ZM,54-841-9929,574,579,4/16/2019
Senior Developer,Leigh Elmer,1150,RU,09-356-4992,575,580,3/18/2019
Administrative Assistant II,Schuyler Hendrickx,148,SE,66-247-4937,576,581,11/21/2018
GIS Technical Architect,Christopher Dicte,1064,PH,84-217-1622,577,582,11/7/2019
Information Systems Manager,Grata Terrington,124,PS,03-926-8199,578,583,3/28/2019
Statistician I,Fidole Vasyanin,20,CN,29-182-6566,579,584,7/26/2019
Director of Sales,Wat Oakly,1913,CN,80-224-5106,580,585,10/21/2019
Account Coordinator,Korey Woltering,339,RU,43-593-1309,581,586,8/6/2019
Social Worker,Osgood Linggood,1546,CN,28-757-5164,582,587,2/18/2019
Budget/Accounting Analyst III,Reine Merwe,999,CL,94-927-5876,583,588,12/2/2018
Editor,Brier Brennan,1624,CN,01-506-0369,584,589,8/9/2019
Paralegal,Avigdor Musprat,1399,ID,15-017-8745,585,590,1/2/2019
Mechanical Systems Engineer,Brittne Eastby,1431,FR,50-407-7444,586,591,5/15/2019
Systems Administrator IV,Israel Harewood,1456,TH,44-863-6678,587,592,11/23/2018
Office Assistant IV,Garry Penelli,1823,UA,14-769-6922,588,593,3/20/2019
Programmer Analyst I,Rubie Houston,1706,ID,51-721-9316,589,594,11/30/2018
Biostatistician III,Flori Pridham,360,ID,53-664-6667,590,595,2/12/2019
Analog Circuit Design manager,Violetta Caines,1463,CN,46-363-2847,591,596,4/21/2019
Senior Developer,Almeda Phillimore,1064,JP,49-741-7175,592,597,2/6/2019
Administrative Assistant IV,Gardie Barlas,1453,NL,75-452-2849,593,598,6/7/2019
Social Worker,Fannie Olander,1488,PK,99-291-5370,594,599,12/7/2018
Staff Scientist,Tarrah Willoughway,482,KP,28-511-6672,595,600,1/15/2019
Systems Administrator IV,Dianna Zisneros,935,BR,07-179-0608,596,601,1/1/2019
Web Designer IV,Stormi Almon,1289,FI,87-435-7824,597,602,3/14/2019
Teacher,Marketa Howett,1287,NG,50-123-3809,598,603,5/6/2019
Account Coordinator,Lazare Housiaux,1041,YE,01-794-9082,599,604,11/7/2019
Database Administrator I,Rosanna Ruffler,993,RU,58-936-5621,600,605,2/17/2019
Teacher,Kyrstin Roll,1462,PT,04-572-5529,601,606,7/4/2019
General Manager,Melisande Croux,1795,US,29-962-8517,602,607,7/13/2019
Web Developer I,Agustin Rabbage,654,JP,00-266-2055,603,608,6/30/2019
Environmental Tech,Baldwin Clelland,1921,MN,45-878-7556,604,609,11/18/2018
Accountant II,Pavla De Rechter,403,MN,92-597-0575,605,610,10/5/2019
Research Nurse,Patin Rait,415,MK,81-118-0111,606,611,8/10/2019
Analyst Programmer,Kath Fitzpatrick,1763,SY,60-215-5047,607,612,11/25/2018
Account Executive,Fairleigh Cabell,1224,BR,69-880-2052,608,613,5/8/2019
Electrical Engineer,Francesca Perone,1637,RU,25-000-4722,609,614,10/16/2019
Programmer Analyst II,Cirillo Simmance,1883,IS,06-825-0546,610,615,11/5/2019
Data Coordiator,Daile Whitty,1220,BR,07-954-8243,611,616,6/18/2019
Executive Secretary,Holden O'Gormley,713,ID,77-101-0005,612,617,4/13/2019
Recruiter,Carine Kinnock,1959,KZ,03-709-0604,613,618,2/28/2019
Cost Accountant,Miller Whales,1194,MW,56-185-1044,614,619,8/9/2019
Operator,Doris Olsen,937,RU,80-144-2362,615,620,10/13/2019
Quality Control Specialist,Gradeigh Filipovic,466,PT,61-426-5586,616,621,3/2/2019
Analyst Programmer,Claiborne Androli,1685,PE,59-606-7791,617,622,1/3/2019
Web Designer II,Rayshell Walkingshaw,293,PS,71-063-3540,618,623,12/18/2018
VP Marketing,Emile Lindenbaum,503,US,00-158-9747,619,624,12/29/2018
Speech Pathologist,Lorene Maffioletti,1937,RU,70-236-1817,620,625,10/18/2019
Assistant Manager,Raynard MacComiskey,1953,CN,16-790-8864,621,626,2/7/2019
Sales Associate,Hervey Challenger,1726,TH,23-430-1262,622,627,2/22/2019
Community Outreach Specialist,Crysta Hair,706,SI,50-562-6158,623,628,6/9/2019
Director of Sales,Gav Jerzykiewicz,1376,NA,74-137-0763,624,629,12/3/2018
Professor,Darline Castiblanco,1211,ID,54-005-0795,625,630,11/25/2018
Research Assistant I,Bernie Boullin,242,CN,13-660-6487,626,631,8/17/2019
Occupational Therapist,Jennifer Keepin,1549,SE,14-061-8139,627,632,7/4/2019
Administrative Officer,Zed Fladgate,864,BR,20-018-9500,628,633,4/2/2019
Senior Quality Engineer,Beret Horning,1048,MX,76-039-8241,629,634,2/3/2019
Financial Analyst,Elysha Sorrie,1722,CN,70-720-6156,630,635,6/9/2019
Business Systems Development Analyst,Joshua Rantoull,1990,CN,34-533-4455,631,636,8/16/2019
Chemical Engineer,Aundrea Bennetts,454,CN,49-568-7630,632,637,6/8/2019
Financial Analyst,Jose Syversen,397,GR,40-928-4378,633,638,5/3/2019
Administrative Officer,Claudian Magrannell,1408,MX,28-780-0306,634,639,3/17/2019
VP Sales,Gabi Riddington,283,ID,98-389-7992,635,640,4/14/2019
Senior Developer,Jesus Cronk,621,ID,72-354-2459,636,641,9/24/2019
Graphic Designer,Mitzi Roscoe,206,AR,93-260-3549,637,642,1/14/2019
Social Worker,Selle Ericsson,545,BW,48-958-4251,638,643,12/5/2018
Mechanical Systems Engineer,Jabez Niezen,1985,ID,24-661-3471,639,644,8/6/2019
Director of Sales,Lucretia Hawford,156,PT,79-996-2002,640,645,10/26/2019
GIS Technical Architect,Lee Kill,1294,ID,34-885-4810,641,646,1/17/2019
Civil Engineer,Hamid Chasen,23,CN,31-862-6809,642,647,11/11/2019
Marketing Manager,Reese Kelemen,1517,GR,57-025-0569,643,648,4/8/2019
Project Manager,Regina Greystock,85,CO,08-818-9309,644,649,7/30/2019
Operator,Averil Minucci,1604,CN,43-697-8993,645,650,10/30/2019
Electrical Engineer,Niccolo Lurcock,1803,EH,50-293-4203,646,651,5/26/2019
Marketing Manager,Ezri Alden,1651,FI,58-195-0384,647,652,6/22/2019
Statistician I,Davon Krysztofowicz,819,CN,59-781-6132,648,653,12/2/2018
Marketing Manager,Gianni Thumnel,1971,GE,23-562-4561,649,654,3/3/2019
Senior Quality Engineer,Maisey Karslake,145,RU,07-128-5168,650,655,9/28/2019
Mechanical Systems Engineer,Morry Thon,902,GR,69-944-2273,651,656,12/14/2018
Editor,Nigel Wyles,1823,PE,68-558-3892,652,657,6/22/2019
Engineer III,Horatius Boneham,1691,CN,80-467-7201,653,658,3/22/2019
Social Worker,Buck Ronan,347,BR,35-388-8586,654,659,1/27/2019
Health Coach II,Kipp Pidcock,1492,CN,94-397-6550,655,660,11/28/2018
Software Engineer II,Dolly Schwieso,1543,BG,71-042-6265,656,661,6/27/2019
Senior Quality Engineer,Brianna Bullingham,229,NG,56-893-3467,657,662,10/10/2019
Actuary,Sherlocke Elgee,918,BR,41-125-7791,658,663,9/3/2019
Account Executive,Jarred Nelle,292,CZ,98-574-8575,659,664,5/29/2019
Data Coordiator,Kelcy Andrasch,1103,CN,46-904-3100,660,665,2/19/2019
Marketing Manager,Briant Tarbatt,474,UA,65-179-5302,661,666,5/3/2019
Help Desk Operator,Jerry Gwatkin,1815,PH,81-176-5817,662,667,7/1/2019
Teacher,Willem Yerrell,1208,CN,88-641-0801,663,668,3/31/2019
Executive Secretary,Lawrence Barrat,1966,OM,22-377-1816,664,669,12/26/2018
Graphic Designer,Waylin Sjostrom,554,ID,78-402-3313,665,670,7/26/2019
Staff Scientist,Verena Batchelder,995,CN,62-887-3306,666,671,7/21/2019
Product Engineer,Emlynne Favey,1281,CN,17-970-9858,667,672,5/28/2019
Civil Engineer,Lexis Justham,566,HR,46-707-8087,668,673,6/4/2019
Research Nurse,Janifer Trineman,1980,PH,57-919-8354,669,674,4/21/2019
Engineer I,Svend Dymott,1946,ID,77-661-0703,670,675,8/24/2019
Software Engineer I,Ed Rattenbury,1710,VE,15-628-3740,671,676,10/20/2019
Analog Circuit Design manager,Callean Willets,1642,IR,96-924-0170,672,677,10/25/2019
Computer Systems Analyst III,Ruth Dolan,275,CN,08-574-1033,673,678,10/19/2019
Account Coordinator,Udell Bennison,1206,NO,71-202-6645,674,679,11/24/2018
Assistant Professor,Antonius Dracey,1874,CN,61-355-6626,675,680,6/11/2019
Senior Developer,Jacquelyn Wise,762,CN,33-427-2206,676,681,7/25/2019
Assistant Professor,Audrey Brittlebank,1384,AL,06-381-7312,677,682,12/29/2018
Software Consultant,Dori Eubank,130,FR,55-865-1141,678,683,3/18/2019
Product Engineer,Maighdiln Calender,916,CN,66-524-8637,679,684,6/23/2019
Research Associate,Chick Leete,452,CN,74-946-0857,680,685,11/22/2018
Office Assistant III,Emelda Whyatt,1319,CN,56-641-4213,681,686,1/15/2019
Physical Therapy Assistant,Marquita De Leek,609,EC,61-518-3141,682,687,7/28/2019
Account Representative IV,Brittani Worssam,1408,VN,03-064-1450,683,688,1/15/2019
Editor,Anjanette Grogor,938,TH,48-871-5844,684,689,4/11/2019
Social Worker,Emilio Senten,1560,CN,54-121-7442,685,690,11/28/2018
Senior Sales Associate,Gael Avraam,410,PE,77-977-4903,686,691,9/11/2019
Junior Executive,Quintana Odams,288,ID,63-863-4647,687,692,10/25/2019
Research Assistant IV,Tedman Bertolin,770,PH,48-655-2123,688,693,8/24/2019
Software Test Engineer III,Grissel Navarijo,553,CZ,87-142-6843,689,694,1/4/2019
VP Product Management,Bondy Picot,882,CN,06-497-3932,690,695,12/23/2018
VP Marketing,Nels Mityushkin,600,DE,96-694-1079,691,696,12/6/2018
Staff Accountant I,Joyann Stormouth,305,AU,70-336-5151,692,697,4/23/2019
Budget/Accounting Analyst III,Lee Comello,463,CO,62-331-4008,693,698,8/30/2019
Professor,Sergeant Leydon,1700,NG,63-610-5503,694,699,2/7/2019
Junior Executive,Judah Junifer,1639,RU,89-607-7485,695,700,11/11/2019
Web Developer IV,Ortensia Antonsen,1669,SM,18-295-5915,696,701,12/12/2018
Project Manager,Von Edrich,456,CN,38-061-7290,697,702,8/28/2019
Senior Sales Associate,Scotti Geldard,958,CL,46-357-1048,698,703,4/28/2019
Financial Advisor,Genovera Ladds,270,PH,32-089-0219,699,704,5/20/2019
Geologist I,Kirsti Allchorne,206,CN,95-607-8469,700,705,8/10/2019
Statistician I,Jeana Wedmore.,1902,RS,99-425-5061,701,706,4/21/2019
Systems Administrator II,Isabel Poleykett,420,CN,98-522-5172,702,707,6/15/2019
Quality Control Specialist,Sissie Shafe,730,CI,55-189-7556,703,708,10/4/2019
VP Marketing,Lind Finicj,750,ID,58-210-7023,704,709,11/9/2019
Pharmacist,Ekaterina Scarratt,531,BR,74-343-4096,705,710,3/24/2019
Mechanical Systems Engineer,Ailina Norewood,645,JO,20-926-7129,706,711,9/6/2019
Account Executive,Archibaldo Dobrowlski,192,PK,77-910-4953,707,712,6/26/2019
Research Assistant I,Brennan Nuccii,582,CN,81-457-9957,708,713,1/11/2019
Administrative Officer,Maison Ellinor,1047,PK,00-584-4372,709,714,12/23/2018
Recruiter,Curcio Florentine,1244,CN,35-226-0687,710,715,7/12/2019
Senior Financial Analyst,Thorny Bleaden,935,ID,05-352-7455,711,716,9/29/2019
Geologist I,Sasha Cowcha,1588,CN,13-081-1256,712,717,6/3/2019
Community Outreach Specialist,Jule Sant,1427,BA,18-276-8279,713,718,7/22/2019
Automation Specialist I,Letizia Baudains,1241,PK,97-352-1797,714,719,4/10/2019
Design Engineer,Cosetta Gillespey,406,CN,05-858-9465,715,720,7/15/2019
Database Administrator II,Patrizius Stafford,1510,NI,04-616-4596,716,721,11/10/2019
Desktop Support Technician,Griff Cloughton,576,ID,97-696-3218,717,722,4/4/2019
Internal Auditor,Cosimo Sisley,874,CN,01-774-2071,718,723,6/8/2019
Software Test Engineer IV,Riordan Carbin,432,MY,79-795-9342,719,724,8/2/2019
Research Nurse,Cobbie Pierro,123,CN,76-033-3040,720,725,1/5/2019
Product Engineer,Daryn Croix,625,CO,55-136-0750,721,726,11/16/2018
Executive Secretary,Judas Lonsdale,87,ID,17-886-3613,722,727,3/31/2019
Senior Quality Engineer,Cecily Silbermann,1352,SE,17-591-7092,723,728,12/18/2018
Sales Representative,Guthry Miner,1313,RU,32-525-2663,724,729,2/17/2019
Social Worker,Bran O'Lochan,696,CN,92-356-3237,725,730,10/28/2019
Chemical Engineer,Harold Grigson,1224,FR,08-200-0436,726,731,12/6/2018
Paralegal,Phil Swinfen,907,PE,86-314-7084,727,732,9/22/2019
Senior Sales Associate,Gail Kahn,453,CH,92-501-8348,728,733,1/2/2019
Environmental Tech,Enrichetta Iacomo,1746,BR,76-098-4295,729,734,1/6/2019
Associate Professor,Dosi Dayley,1459,PL,60-826-6649,730,735,11/23/2018
Biostatistician I,Gayle Heaney,355,CN,11-283-6692,731,736,6/20/2019
Staff Accountant II,Stafford Laidlaw,637,CN,06-099-0631,732,737,4/12/2019
Web Developer II,Ozzie Hofler,155,BR,27-473-3043,733,738,10/13/2019
Data Coordiator,Ag Abba,240,ID,75-650-3639,734,739,3/21/2019
Sales Representative,Valida Hoofe,1223,ID,21-273-7517,735,740,5/9/2019
Senior Quality Engineer,Elly Atherley,1342,GR,20-980-4016,736,741,9/1/2019
Assistant Manager,Vallie Codner,1846,PH,83-876-9559,737,742,10/9/2019
Human Resources Assistant II,Wini Phorsby,314,LK,54-577-4213,738,743,4/19/2019
Clinical Specialist,Godfrey Leeburn,112,VN,37-885-9334,739,744,9/23/2019
Staff Accountant III,Constantia Le Huquet,689,CN,28-322-3341,740,745,7/7/2019
Senior Editor,Dougy Maffini,178,JO,55-373-9249,741,746,9/5/2019
Account Coordinator,Evered Illing,1629,BR,28-991-6372,742,747,8/17/2019
Administrative Officer,Biron Lean,1539,JP,60-780-2697,743,748,11/27/2018
Software Test Engineer IV,Darill Southward,1077,AM,99-703-3938,744,749,8/25/2019
Tax Accountant,Evaleen Birkmyre,644,MY,27-804-7407,745,750,9/13/2019
Nurse Practicioner,Kliment Follin,1005,CM,09-892-0600,746,751,12/27/2018
Project Manager,Marvin Westgarth,185,PT,66-787-2882,747,752,12/15/2018
Operator,Kata Dulson,1246,AM,12-820-8623,748,753,12/1/2018
Social Worker,Boycey Gabel,1742,RU,58-761-6453,749,754,11/5/2019
Community Outreach Specialist,Barbabas Jenckes,1869,RU,19-250-4439,750,755,10/29/2019
Clinical Specialist,Verina Seven,308,ID,23-515-1463,751,756,11/26/2018
Electrical Engineer,Kimmi Stranks,37,BY,87-167-3344,752,757,8/21/2019
Project Manager,Dalli Darrel,916,CN,99-380-4301,753,758,3/2/2019
Payment Adjustment Coordinator,Victoir Topper,1799,PH,60-072-4262,754,759,12/15/2018
Sales Representative,Lanie Ivantyev,1948,TH,24-768-6406,755,760,8/4/2019
Librarian,Lanette Ebbitt,62,JP,70-212-6083,756,761,7/6/2019
Actuary,Lily Lawie,745,CZ,90-899-4447,757,762,12/9/2018
Dental Hygienist,Edyth Fierro,709,CN,85-452-7577,758,763,7/23/2019
Human Resources Assistant III,Modesty Arpur,1062,PH,89-109-2622,759,764,7/21/2019
Desktop Support Technician,Thibaud Noorwood,595,PH,94-261-6712,760,765,7/31/2019
Human Resources Manager,Garvin Kubista,810,SE,15-814-2301,761,766,6/24/2019
Accountant I,Risa Collip,1805,RU,41-194-4711,762,767,9/9/2019
Marketing Assistant,Reggie Kitson,272,AF,74-399-6494,763,768,10/14/2019
Nurse Practicioner,Alric Pane,277,CN,86-159-8104,764,769,3/4/2019
Project Manager,Wilhelmine Skaife d'Ingerthorpe,1319,UG,50-948-1007,765,770,5/18/2019
Marketing Assistant,Colline Laxon,659,ID,96-635-6001,766,771,7/15/2019
Senior Quality Engineer,Carolann Jonas,1692,ID,94-330-8131,767,772,8/18/2019
Engineer III,Ford Elderbrant,1384,LT,82-408-0788,768,773,2/27/2019
Director of Sales,Arleta Albisser,28,DE,72-400-6143,769,774,6/13/2019
Developer IV,Ede Lemanu,368,CN,48-872-8121,770,775,10/24/2019
Clinical Specialist,Nanni Klejna,1604,CN,33-149-3013,771,776,5/6/2019
Community Outreach Specialist,Cristina Petters,1068,CN,84-666-3064,772,777,4/3/2019
Occupational Therapist,Carolus Tewkesbury,1049,ID,74-115-6751,773,778,2/1/2019
Director of Sales,Pammie Beasleigh,336,CN,75-550-2648,774,779,5/11/2019
Senior Financial Analyst,Karmen Skettles,1106,ES,02-527-5673,775,780,8/16/2019
Financial Advisor,Shaw Paroni,1053,PH,71-666-2711,776,781,10/20/2019
Accountant IV,Christophe Sorro,895,JP,81-525-3825,777,782,6/1/2019
Administrative Assistant II,Arin Purcell,321,US,82-423-8830,778,783,9/5/2019
Office Assistant I,Arlen Shillaber,1531,PL,49-124-3205,779,784,3/1/2019
Sales Representative,Peder Weymont,1782,CZ,86-056-3917,780,785,3/29/2019
Senior Financial Analyst,Con Salmoni,539,ID,82-939-4605,781,786,8/30/2019
Project Manager,Valenka Stathers,1771,HR,78-905-6522,782,787,6/6/2019
Research Associate,Reena Scrowston,1655,JP,15-226-7868,783,788,12/18/2018
Electrical Engineer,Sanson Spuffard,1687,JP,09-508-8140,784,789,6/14/2019
Chief Design Engineer,Lissa Cordelet,779,CN,71-518-3163,785,790,9/12/2019
Recruiter,Rodina Absolom,978,UA,44-983-2351,786,791,4/29/2019
Senior Quality Engineer,Harwilll Garthland,313,JP,46-169-4509,787,792,7/17/2019
VP Product Management,Kamillah Crickmore,715,CN,46-780-0972,788,793,11/17/2018
Software Test Engineer II,Hinze Perkis,154,PH,64-565-3100,789,794,4/26/2019
Internal Auditor,Margery Tarrier,183,UA,01-060-5358,790,795,7/28/2019
Social Worker,Libbey Gaynsford,1375,RS,34-649-8299,791,796,10/15/2019
Assistant Media Planner,Patin Gilburt,406,KR,47-497-0467,792,797,5/28/2019
Senior Developer,Carlyle Van Hault,91,PT,91-192-4463,793,798,6/26/2019
General Manager,Wyatt Fenwick,1459,MX,45-172-3241,794,799,3/4/2019
Accountant I,Panchito Grishankov,784,AM,98-594-7855,795,800,9/15/2019
Design Engineer,Carmela Chatband,993,PH,05-956-4427,796,801,3/12/2019
Senior Financial Analyst,Maggee Challis,1164,CA,83-734-9448,797,802,5/11/2019
Staff Accountant II,Ebonee Wagnerin,1797,CN,71-586-2425,798,803,6/19/2019
Social Worker,Ulrich Standell,1178,LS,08-259-5322,799,804,9/23/2019
Software Engineer IV,Charlot McKenzie,189,CN,61-234-1430,800,805,6/2/2019
Administrative Officer,Marget Junkinson,372,CN,23-490-6744,801,806,1/3/2019
Software Consultant,Miguelita Chestnutt,1882,BR,04-235-1105,802,807,10/17/2019
Health Coach II,Renard Korpal,167,IQ,31-852-2847,803,808,3/17/2019
Information Systems Manager,Kimble Filipponi,1397,MX,41-282-0789,804,809,1/24/2019
Pharmacist,Karna Saulter,22,MN,90-959-6423,805,810,10/5/2019
Systems Administrator III,Jess Fuzzens,795,TM,30-708-1982,806,811,9/28/2019
VP Accounting,Ed Shemwell,1262,IE,36-701-8745,807,812,9/3/2019
Physical Therapy Assistant,Helga Gaunson,1970,GT,51-030-4974,808,813,7/10/2019
Software Test Engineer III,Jocelyn Towle,1380,HU,55-029-6138,809,814,1/12/2019
Analyst Programmer,Tiphani Benmore,995,CR,39-160-5324,810,815,5/18/2019
Senior Financial Analyst,Corrianne Edgerley,1572,RU,41-390-5544,811,816,10/28/2019
Database Administrator III,Prinz Pietesch,1653,CN,18-638-4542,812,817,9/13/2019
Nurse Practicioner,Analise Lile,1394,CN,78-038-2211,813,818,12/7/2018
Biostatistician I,Nial Corriea,821,PT,87-737-8042,814,819,1/25/2019
Chemical Engineer,Yvette Rentoul,816,BR,71-527-5758,815,820,4/23/2019
Editor,Hatty Crumby,242,CN,20-810-6991,816,821,4/18/2019
Senior Sales Associate,Prescott Kyston,128,PH,17-231-0155,817,822,7/17/2019
Cost Accountant,Rusty Litherborough,1591,CN,61-501-9820,818,823,4/23/2019
Quality Control Specialist,Audry Comfort,30,PS,74-587-8841,819,824,5/31/2019
VP Accounting,Leese Tidy,1318,FR,21-885-0323,820,825,10/7/2019
Recruiter,Patton Lamprecht,381,MY,85-639-8070,821,826,11/12/2019
VP Sales,Anny Garrat,22,ID,52-782-5916,822,827,10/1/2019
Director of Sales,Denny Augar,978,AR,17-141-3191,823,828,5/9/2019
Senior Cost Accountant,Teddie Burstow,1024,CN,66-655-4897,824,829,11/10/2019
Sales Representative,Dick Shark,1440,IT,17-964-2987,825,830,12/6/2018
Senior Cost Accountant,Chelsey Edyson,1160,CN,79-444-0671,826,831,6/16/2019
Recruiter,Kacey Andreix,1901,AF,51-121-6188,827,832,8/27/2019
Executive Secretary,Dyanne Pady,15,HT,10-859-4605,828,833,2/6/2019
Engineer II,Maureen Bernardoni,824,SE,29-855-1295,829,834,6/4/2019
Product Engineer,Elaina Jenik,322,CN,90-755-3937,830,835,10/18/2019
Web Developer IV,Bing Shingles,577,MY,01-293-5300,831,836,3/15/2019
Nurse,Britni Dagless,693,MK,78-301-8840,832,837,9/8/2019
Internal Auditor,Alain Baalham,402,BR,43-724-0081,833,838,8/26/2019
Compensation Analyst,Mordy Cayser,1126,ID,12-672-0556,834,839,1/26/2019
Environmental Specialist,Christabella Cratere,1818,CZ,09-625-8643,835,840,5/4/2019
Environmental Tech,Urbanus Wilkie,543,MQ,01-263-6814,836,841,7/12/2019
Account Executive,Tobin Maitland,1343,PH,39-457-4618,837,842,3/29/2019
Dental Hygienist,Korie Mangham,1529,NO,01-858-8940,838,843,11/18/2018
Office Assistant II,Martha Pleace,491,BR,52-320-3915,839,844,8/16/2019
Teacher,Winonah Dewerson,1779,NG,15-812-1780,840,845,5/16/2019
Nurse Practicioner,Mehetabel Moniker,806,US,43-341-3062,841,846,7/28/2019
Cost Accountant,Dell Brunesco,462,PL,83-727-2169,842,847,5/9/2019
Web Designer I,Syman Dict,924,CN,66-313-2248,843,848,5/1/2019
Help Desk Technician,Saudra De Caville,260,PH,15-603-8111,844,849,5/10/2019
Quality Control Specialist,Stillmann Ramplee,1241,SD,62-792-4646,845,850,2/23/2019
VP Sales,Salmon Tuley,732,BR,75-582-6859,846,851,2/24/2019
Safety Technician II,Jermaine Grindall,1229,RU,48-638-7410,847,852,10/15/2019
Financial Analyst,Merlina Jacquet,760,PT,94-312-7560,848,853,11/27/2018
Senior Cost Accountant,Abraham Hekkert,83,HR,20-019-8287,849,854,3/16/2019
Cost Accountant,Rosaleen Di Filippo,210,BR,09-281-1984,850,855,3/3/2019
Assistant Media Planner,Enrica Mansfield,435,CN,44-661-3044,851,856,8/17/2019
Human Resources Assistant II,Lizabeth Sheach,1177,TH,04-662-3305,852,857,2/23/2019
Staff Accountant IV,Clovis Aldgate,985,BT,12-633-1012,853,858,8/3/2019
Electrical Engineer,Kylie Castillou,567,EC,39-565-0425,854,859,2/20/2019
Data Coordiator,Marcella Conybear,88,PH,27-306-1267,855,860,2/12/2019
Chemical Engineer,Dre Simonot,1662,UG,61-490-3967,856,861,6/3/2019
Senior Financial Analyst,Edgar Axe,23,CN,12-798-4628,857,862,8/5/2019
Software Engineer II,Honor Barchrameev,401,CL,82-594-0220,858,863,5/27/2019
Internal Auditor,Mackenzie Ropert,18,ID,20-579-7576,859,864,12/5/2018
Editor,Darla Honeyghan,576,ID,03-212-1910,860,865,11/30/2018
Actuary,Didi Nasey,679,ZA,20-743-3540,861,866,9/11/2019
Financial Analyst,Pepito Beernaert,1331,NL,98-194-9887,862,867,12/8/2018
Engineer IV,Clemmy Ingamells,1687,CN,92-355-8773,863,868,12/22/2018
Senior Sales Associate,Chico Roycroft,1644,FM,24-975-4186,864,869,10/27/2019
Media Manager II,Teresita Corbally,645,KH,46-085-0597,865,870,3/4/2019
Assistant Media Planner,Angelo Turley,571,UA,57-571-7863,866,871,9/2/2019
Paralegal,Cassie Wandless,1044,GL,89-699-9709,867,872,9/28/2019
Marketing Assistant,Clevey Beckingham,399,CN,77-105-0256,868,873,1/2/2019
Financial Advisor,Ase Haye,995,NL,94-363-2776,869,874,9/18/2019
Recruiter,Virgie Chadbourn,382,DK,38-614-1204,870,875,2/1/2019
Paralegal,Leonelle Huddy,1599,FR,13-125-9415,871,876,10/18/2019
Marketing Assistant,Drusie Ottewill,225,CN,14-234-9504,872,877,10/1/2019
Health Coach III,Ferrel Rubica,40,BY,85-560-8128,873,878,6/30/2019
Chief Design Engineer,Trixy Nelligan,471,PH,01-835-7378,874,879,11/14/2019
Systems Administrator III,Kathye Pebworth,1054,BR,94-772-9754,875,880,4/3/2019
Electrical Engineer,Klarika Henriquet,1774,ID,36-238-8995,876,881,3/28/2019
Administrative Assistant IV,Betty Frick,498,CN,46-313-5839,877,882,11/9/2019
Nurse Practicioner,Horacio Iltchev,1535,CL,97-225-7467,878,883,3/6/2019
Graphic Designer,Karel Leavey,1395,JP,92-832-6777,879,884,7/9/2019
Recruiter,Christean Filchagin,1021,BO,23-884-9036,880,885,9/13/2019
Physical Therapy Assistant,Maxim Karolewski,636,BR,88-589-2565,881,886,3/31/2019
Environmental Specialist,Terence Teale,1735,TM,29-410-8505,882,887,2/25/2019
Analog Circuit Design manager,Alfy Offer,1200,IR,53-871-6361,883,888,11/5/2019
Professor,Herve Banstead,511,AL,15-715-9286,884,889,1/7/2019
Compensation Analyst,Leda Hopkyns,1297,TZ,64-305-1799,885,890,7/14/2019
Environmental Specialist,Bret Allden,202,BR,86-568-3480,886,891,1/23/2019
Research Assistant I,Doe Delgardillo,1430,PE,45-490-1785,887,892,6/26/2019
Technical Writer,Yale McLaughlin,481,AU,83-788-4633,888,893,8/26/2019
Account Coordinator,Lilla Cleveland,1534,AO,62-474-1162,889,894,6/6/2019
Food Chemist,Rachael Redding,240,SE,44-988-7905,890,895,3/11/2019
Quality Engineer,Cristionna Kelk,764,GL,97-474-1354,891,896,9/26/2019
Environmental Specialist,Laura Valentim,730,CN,82-996-9455,892,897,7/10/2019
Human Resources Assistant II,Byrle Karlolczak,1731,ID,28-879-1524,893,898,3/7/2019
Community Outreach Specialist,Nicholle Soro,1648,RU,26-021-0111,894,899,11/5/2019
Cost Accountant,Tobit Gibbett,1342,CZ,11-945-4165,895,900,8/11/2019
Mechanical Systems Engineer,Arnuad Dacres,837,PT,04-549-9413,896,901,2/13/2019
Marketing Manager,Dotti Huster,773,RU,03-638-9654,897,902,8/3/2019
Operator,Marget Goldney,758,UA,29-144-3825,898,903,12/15/2018
Human Resources Assistant II,Lisa Gettone,434,FM,18-495-6647,899,904,10/31/2019
Product Engineer,Hashim Shaudfurth,1145,US,25-878-8144,900,905,10/9/2019
Senior Developer,Petronille Hugonneau,905,CN,02-002-8642,901,906,3/13/2019
Environmental Tech,Mariann Motion,1389,ID,31-001-3197,902,907,4/25/2019
Web Designer I,Dee Orgel,935,BR,32-365-5700,903,908,7/30/2019
Nurse,Egor Tuckerman,610,HN,27-801-0267,904,909,5/17/2019
Human Resources Assistant II,Netty Barrass,326,CN,96-771-4197,905,910,12/26/2018
Engineer III,Boycie Bloys,1056,PH,10-907-6463,906,911,4/27/2019
VP Accounting,Sasha Samsin,1068,CZ,24-975-9214,907,912,10/31/2019
Financial Advisor,Glenn Simla,1056,RU,36-940-5477,908,913,7/23/2019
Director of Sales,Elset Eakle,1587,FR,27-413-5061,909,914,3/11/2019
Accountant I,Delilah Guyon,730,KP,46-207-8748,910,915,6/18/2019
Senior Quality Engineer,Irv Andreacci,443,CN,28-301-6131,911,916,10/5/2019
GIS Technical Architect,Lion Squirrel,525,CN,83-135-5963,912,917,5/24/2019
Information Systems Manager,Sophi Marlowe,150,PT,22-348-8920,913,918,5/8/2019
Account Representative I,Turner Wainer,1262,CN,26-386-8642,914,919,6/2/2019
Paralegal,Kristan Ogger,1260,BY,52-234-4360,915,920,3/10/2019
Staff Accountant I,Alair Lyptratt,1171,EG,27-434-8165,916,921,1/30/2019
Media Manager IV,Tish Shute,391,BR,87-139-7123,917,922,9/8/2019
Director of Sales,Sapphira Tothacot,1730,MM,20-636-5421,918,923,11/10/2019
Software Test Engineer II,Ulrich Caulliere,1369,EC,07-710-5962,919,924,9/2/2019
Accountant IV,Janet Emblen,581,BR,41-322-9547,920,925,2/6/2019
Marketing Assistant,Matthaeus Sibley,239,CN,94-848-0434,921,926,10/31/2019
Mechanical Systems Engineer,Shae Lavell,919,NG,35-580-2294,922,927,2/9/2019
Sales Associate,Balduin Sazio,1426,CA,91-853-4270,923,928,8/28/2019
Computer Systems Analyst IV,Buck Cartan,1453,PT,75-879-6210,924,929,4/19/2019
Programmer IV,Hyacinthia Adamoli,1896,SE,68-519-4064,925,930,8/20/2019
Administrative Assistant III,Bethanne Zieme,1661,CN,17-222-0392,926,931,8/20/2019
Pharmacist,Yelena Woodward,1810,ID,15-082-0611,927,932,12/9/2018
Human Resources Assistant I,Monte Duetsche,704,CA,73-384-7074,928,933,7/9/2019
Research Nurse,Kissiah Mackiewicz,1465,PT,55-570-7661,929,934,11/7/2019
Occupational Therapist,Cinnamon McRoberts,684,CN,69-862-9335,930,935,4/7/2019
Registered Nurse,Jeremie Exer,703,CO,08-842-8820,931,936,1/22/2019
Web Designer II,Chiquita Symonds,1604,CN,14-989-3333,932,937,12/25/2018
Biostatistician I,Deanne Larcier,365,PL,67-944-4040,933,938,5/16/2019
Graphic Designer,Halimeda Connikie,902,BG,92-627-1638,934,939,10/13/2019
Actuary,Bride Leist,1993,PT,89-804-1153,935,940,1/10/2019
Environmental Tech,Alida Slisby,892,CN,25-887-7418,936,941,7/18/2019
Social Worker,Derk Points,1338,ID,60-853-9328,937,942,1/10/2019
Web Designer III,Philis Tomek,1377,CN,58-092-2922,938,943,9/30/2019
Internal Auditor,Alta McKirdy,32,UA,70-446-0763,939,944,7/5/2019
Project Manager,Bertine Cherry Holme,1382,SE,63-709-3473,940,945,10/17/2019
Business Systems Development Analyst,Salmon Frawley,619,VN,69-416-2916,941,946,10/26/2019
Software Consultant,Josefina Tomek,213,IL,21-353-0643,942,947,5/24/2019
Geologist IV,Kylynn Maynard,1538,GR,75-400-7703,943,948,12/24/2018
Database Administrator II,Dwain Sweetmore,562,ID,83-257-3029,944,949,1/12/2019
Mechanical Systems Engineer,Maynard Mathivat,1760,CN,80-182-0627,945,950,4/18/2019
Director of Sales,Kathlin Jump,938,JP,88-235-1898,946,951,9/28/2019
Programmer I,Corinna Segoe,1323,ID,56-856-0031,947,952,5/14/2019
Software Test Engineer II,Vassili Louth,350,JP,63-112-5266,948,953,11/27/2018
Software Engineer III,Jaymee Doles,1635,NZ,25-857-0080,949,954,1/16/2019
Human Resources Assistant II,Ham Andrey,865,LI,19-143-6272,950,955,6/8/2019
GIS Technical Architect,Humphrey Lyptratt,706,UA,86-503-8799,951,956,1/3/2019
Social Worker,Kissie Cessford,140,JP,23-262-8466,952,957,6/2/2019
Staff Scientist,Gael Gogay,1959,PE,59-392-6396,953,958,9/2/2019
Senior Cost Accountant,Melly Dunks,568,PH,67-433-5081,954,959,6/25/2019
Executive Secretary,Tony Waylett,145,NZ,51-517-2380,955,960,1/5/2019
Account Executive,Corly Gethen,1881,CN,03-279-7417,956,961,3/9/2019
GIS Technical Architect,Esther Binestead,1354,TG,26-638-0233,957,962,6/17/2019
Environmental Tech,Adria Hutcheon,1085,ZW,73-391-6618,958,963,8/15/2019
Administrative Assistant IV,Ashley Meadway,732,RU,75-683-6853,959,964,4/19/2019
VP Marketing,Shay Maraga,660,SE,33-075-6762,960,965,9/23/2019
Sales Representative,Garnette Morsom,1766,NG,29-023-6971,961,966,5/14/2019
VP Sales,Davina Essberger,624,KP,17-334-9793,962,967,10/30/2019
Staff Accountant IV,Heinrik Killik,891,ID,43-088-1916,963,968,2/9/2019
Project Manager,Bette Tsarovic,85,ID,46-580-5973,964,969,8/18/2019
Safety Technician IV,Nonie Halbert,677,ID,13-480-9752,965,970,2/9/2019
Pharmacist,Lyndsie McLleese,879,YE,97-511-3969,966,971,6/5/2019
Assistant Manager,Philomena Jaquet,1852,PH,28-135-7124,967,972,6/10/2019
Nurse Practicioner,Linnea Maben,380,ES,39-397-4422,968,973,3/12/2019
Librarian,Kristien Colloff,796,US,75-554-8320,969,974,5/20/2019
Dental Hygienist,Willie Corten,1689,CN,59-473-2859,970,975,10/29/2019
Structural Engineer,Isidora Dibdall,1187,CN,70-324-8698,971,976,3/22/2019
Staff Scientist,Randell Mulcock,1824,CN,37-096-2969,972,977,6/26/2019
Staff Scientist,Dallas Kemp,943,CN,87-139-2964,973,978,5/31/2019
Research Assistant I,Winifred McElhargy,299,RU,28-521-7115,974,979,11/18/2018
Human Resources Assistant I,Manny Turbefield,1192,GR,01-293-0276,975,980,11/19/2018
Financial Advisor,Andrey Sebley,1782,IR,99-877-7778,976,981,3/29/2019
Help Desk Technician,Maryellen Heaven,1419,KZ,44-476-5425,977,982,8/8/2019
Electrical Engineer,Jacintha Dorbon,303,BR,85-301-5409,978,983,9/6/2019
Research Nurse,Mahmud Sapey,335,CZ,72-851-7399,979,984,11/25/2018
Assistant Media Planner,Justen Houlahan,1595,GE,13-551-5672,980,985,7/26/2019
Environmental Specialist,Tirrell Pilmoor,1758,CZ,82-235-3517,981,986,4/5/2019
Research Assistant III,Frazer Oley,1321,CN,94-694-9892,982,987,7/16/2019
Statistician II,Dahlia Scotchforth,1347,HU,50-868-6660,983,988,4/22/2019
Information Systems Manager,Chase Risebrow,1533,GT,97-678-6501,984,989,6/21/2019
Community Outreach Specialist,Catha Apark,1277,MX,15-754-2362,985,990,3/27/2019
Recruiter,Davin Gorioli,1057,PT,67-240-0200,986,991,7/12/2019
Director of Sales,Jerrilee Steggles,1575,FR,47-649-8056,987,992,2/11/2019
Human Resources Assistant I,Darcy Noraway,1485,ES,65-203-0134,988,993,3/15/2019
Nurse Practicioner,Derby Bosnell,164,ZW,51-905-7213,989,994,5/10/2019
Environmental Tech,Kimberli Bosquet,658,FR,28-525-9351,990,995,4/9/2019
Senior Editor,Agata Prebble,1826,CN,09-112-0316,991,996,6/8/2019
GIS Technical Architect,Kare Grisley,1805,CN,55-752-2033,992,997,4/22/2019
Occupational Therapist,Ned Longhorne,236,RU,50-251-2694,993,998,1/8/2019
Speech Pathologist,Debbi Theakston,1890,BR,09-519-1762,994,999,1/19/2019
Payment Adjustment Coordinator,Isaac Androlli,212,ID,04-821-0605,995,1000,5/22/2019
Physical Therapy Assistant,Jard Pechard,375,AL,18-050-8516,996,1001,12/13/2018
Registered Nurse,Marget Fruchter,734,MA,21-967-5425,997,1002,10/11/2019
Structural Analysis Engineer,Isidoro Harewood,419,PL,14-987-3702,998,1003,8/10/2019
Help Desk Technician,Norma Vasilyevski,1802,CN,59-213-2096,999,1004,2/15/2019
Senior Quality Engineer,Wilhelmine Laugier,1275,ID,47-492-8666,1000,1005,10/7/2019
